{
  "sharpe": 0.7757782063118229,
  "sortino": 0.5499951446569861,
  "calmar": NaN,
  "max_drawdown": -14.241594927434184,
  "profit_factor": 0.08536171519568794,
  "win_rate": 0.07344632768361582,
  "avg_win": 114.30848895104874,
  "avg_loss": -106.14874288248322,
  "total_trades": 1947,
  "final_equity": -133079.49824000057
}