{
  "sharpe": 4.0216854484131215,
  "sortino": 46.61217931075356,
  "calmar": -1.0050379805428644,
  "max_drawdown": -24.41962821220283,
  "profit_factor": 0.14362929670599248,
  "win_rate": 0.06471494607087827,
  "avg_win": 326.6872679365036,
  "avg_loss": -157.38008456891822,
  "total_trades": 1947,
  "final_equity": -235426.53823999892
}