{
  "sharpe": 3.470120225947254,
  "sortino": 92.05960172375087,
  "calmar": NaN,
  "max_drawdown": -4.245539574826776,
  "profit_factor": 0.9990585619276057,
  "win_rate": 0.4956343091936312,
  "avg_win": 165929.19326598963,
  "avg_loss": -163210.34438892058,
  "total_trades": 1947,
  "final_equity": -155808.49823999644
}