{
  "sharpe": 4.0216854484131215,
  "sortino": 46.61217931075356,
  "calmar": -1.0050379805428644,
  "max_drawdown": -24.41962821220283,
  "profit_factor": 0.03249392081532237,
  "win_rate": 0.06420133538777606,
  "avg_win": 74.55741439999969,
  "avg_loss": -157.4165395389682,
  "total_trades": 1947,
  "final_equity": -235426.53823999892
}