{
  "accuracy": 0.9967149469911901,
  "precision_macro": 0.9966269214759281,
  "recall_macro": 0.9966301035103721,
  "f1_macro": 0.9966280216002442,
  "confusion_matrix": [
    [
      2315,
      4,
      0
    ],
    [
      8,
      2030,
      3
    ],
    [
      0,
      7,
      2330
    ]
  ]
}