{
  "accuracy": 0.9971629087651187,
  "precision_macro": 0.9971567259954509,
  "recall_macro": 0.9970199526052151,
  "f1_macro": 0.9970863588439975,
  "confusion_matrix": [
    [
      2318,
      1,
      0
    ],
    [
      9,
      2028,
      4
    ],
    [
      0,
      5,
      2332
    ]
  ]
}