{
  "accuracy": 0.9780498730774974,
  "precision_macro": 0.9792565408467903,
  "recall_macro": 0.976148788839851,
  "f1_macro": 0.9772209001770507,
  "confusion_matrix": [
    [
      2311,
      8,
      0
    ],
    [
      64,
      1902,
      75
    ],
    [
      0,
      0,
      2337
    ]
  ]
}