{
  "accuracy": 0.7263824016875094,
  "precision_macro": 0.7153571620028183,
  "recall_macro": 0.7173528797353871,
  "f1_macro": 0.7136626588526888,
  "confusion_matrix": [
    [
      1864,
      316,
      128
    ],
    [
      443,
      1033,
      542
    ],
    [
      73,
      314,
      1924
    ]
  ]
}